_id,account_id,created_at,day,hour_minute,month,year
5e36f29e30d4207f172e9f15,5d57f4f6887d1f5d0bcea1aa,2020-02-02 16:02:38.688,20200203,0002,202002,2020
5e36f2c130d4207f172e9f95,5df0564e887d1f45c04c86e4,2020-02-02 16:03:13.035,20200203,0003,202002,2020
5e36f324887d1f24c244a504,5e16c86830d420781b0cfa93,2020-02-02 16:04:52.069,20200203,0004,202002,2020
5e36f36530d4207f172ea14c,5dec944130d4205681c6d348,2020-02-02 16:05:57.644,20200203,0005,202002,2020
5e36f4dd30d4207f172ea1ce,5dc4014630d4200a0bb2ecd7,2020-02-02 16:12:13.830,20200203,0012,202002,2020
5e36f4f9887d1f24c244a55b,5d86cfa5887d1f4382ff7644,2020-02-02 16:12:41.347,20200203,0012,202002,2020
5e36f558887d1f24c244a5f0,5dd34e0330d420799b866c9e,2020-02-02 16:14:16.030,20200203,0014,202002,2020
5e36f5ac30d4207f172ea32a,5e196594887d1f590379e882,2020-02-02 16:15:40.944,20200203,0015,202002,2020
5e36f5b7887d1f24c244a631,5dba4d1130d420016a6afad6,2020-02-02 16:15:51.065,20200203,0015,202002,2020
5e36f6ee30d4207f172ea378,5d5d7b0e887d1f26202d58a0,2020-02-02 16:21:02.273,20200203,0021,202002,2020
5e36f75b30d4207f172ea3be,5d4a7daf887d1f07ed6f0704,2020-02-02 16:22:51.157,20200203,0022,202002,2020
5e36f85530d4207f172ea4b5,5d4b7329887d1f07ed78ec73,2020-02-02 16:27:01.818,20200203,0027,202002,2020
5e36f85c30d4207f172ea50a,5d66383f887d1f6ae12eae8e,2020-02-02 16:27:08.996,20200203,0027,202002,2020
5e36f90f30d4207f172ea60b,5d9be628887d1f0b0ada996c,2020-02-02 16:30:07.706,20200203,0030,202002,2020
5e36f9a330d4207f172ea6d9,5e33f85230d4207f1729b280,2020-02-02 16:32:35.849,20200203,0032,202002,2020
5e36f9aa30d4207f172ea76a,5dbb7c4a887d1f10bb49b23e,2020-02-02 16:32:42.243,20200203,0032,202002,2020
5e36f9d330d4207f172ea802,5e0058e130d4200304fb1559,2020-02-02 16:33:23.508,20200203,0033,202002,2020
5e36faed887d1f24c244a7ad,5dbadcd930d42040dac41c30,2020-02-02 16:38:05.969,20200203,0038,202002,2020
5e36fcb5887d1f24c244a84b,5d4a782e887d1f079514cc51,2020-02-02 16:45:41.220,20200203,0045,202002,2020
5e36fd9130d4207f172ead70,5e0ed0d930d420523e6f5f57,2020-02-02 16:49:21.579,20200203,0049,202002,2020
5e36fdf130d4207f172eae31,5e22cdfb30d4207f170458ee,2020-02-02 16:50:57.743,20200203,0050,202002,2020
5e36fec3887d1f24c244a889,5dc61f10887d1f42bd2fe3cf,2020-02-02 16:54:27.313,20200203,0054,202002,2020
5e37055630d4207f172eb5af,5d4a78d7887d1f079515275c,2020-02-02 17:22:30.824,20200203,0122,202002,2020
5e37062c887d1f24c244a922,5df19fe330d42020c4142bc5,2020-02-02 17:26:04.255,20200203,0126,202002,2020
5e3706e730d4207f172eb978,5d9d60b1887d1f243cf46b61,2020-02-02 17:29:11.238,20200203,0129,202002,2020
5e37072330d4207f172eba20,5e102b7a30d420523e7a837c,2020-02-02 17:30:11.507,20200203,0130,202002,2020
5e37097330d4207f172eba57,5d4aac45887d1f07ed77efea,2020-02-02 17:40:03.328,20200203,0140,202002,2020
5e370a8630d4207f172ebbf1,5e2fc52930d4207f172398d2,2020-02-02 17:44:38.936,20200203,0144,202002,2020
5e370d2d30d4207f172ebe88,5d4a772f887d1f0795143859,2020-02-02 17:55:57.413,20200203,0155,202002,2020
5e371056887d1f24c244ad7e,5dba9823887d1f6d135d5b35,2020-02-02 18:09:26.378,20200203,0209,202002,2020
5e37140d887d1f24c244add9,5d4bb2a4887d1f07ed80e53c,2020-02-02 18:25:17.456,20200203,0225,202002,2020
5e37263730d4207f172ec52b,5d4a8119887d1f07ed70455e,2020-02-02 19:42:47.637,20200203,0342,202002,2020
5e37279e887d1f24c244ae67,5e169241887d1f5903761cc9,2020-02-02 19:48:46.162,20200203,0348,202002,2020
5e372a4830d4207f172ec5e6,5deef8f530d4200f39253c57,2020-02-02 20:00:08.852,20200203,0400,202002,2020
5e372b9530d4207f172ec660,5da7daa5887d1f5d46f4ecf1,2020-02-02 20:05:41.849,20200203,0405,202002,2020
5e3731c4887d1f24c244aea6,5e36527f887d1f24c2443f51,2020-02-02 20:32:04.207,20200203,0432,202002,2020
5e37367830d4207f172ec923,5df2ded9887d1f09c66e0537,2020-02-02 20:52:08.569,20200203,0452,202002,2020
5e3737e730d4207f172ec945,5e0b1b4c30d420523e598da6,2020-02-02 20:58:15.608,20200203,0458,202002,2020
5e3740b930d4207f172ec9e7,5df1b35130d42020c4160aa3,2020-02-02 21:35:53.284,20200203,0535,202002,2020
5e37411f30d4207f172eca3b,5de0aaa430d4202dc1e6b898,2020-02-02 21:37:35.579,20200203,0537,202002,2020
5e3741fb887d1f24c244b021,5d4aa4bb887d1f07ed76ad01,2020-02-02 21:41:15.996,20200203,0541,202002,2020
5e3742a430d4207f172ecae5,5d4b9dd6887d1f07ed7e9def,2020-02-02 21:44:04.219,20200203,0544,202002,2020
5e37442530d4207f172ecbe5,5d4a86fe887d1f07ed71eddb,2020-02-02 21:50:29.044,20200203,0550,202002,2020
5e37457030d4207f172ecc83,5df9978d30d4203e0808bf5c,2020-02-02 21:56:00.961,20200203,0556,202002,2020
5e37460230d4207f172ecd52,5e226af030d4207f17025d60,2020-02-02 21:58:26.519,20200203,0558,202002,2020
5e374b8030d4207f172ecede,5d4b7413887d1f07ed790ebd,2020-02-02 22:21:52.568,20200203,0621,202002,2020
5e374bb530d4207f172ecf77,5dd7f22f887d1f652a639e2d,2020-02-02 22:22:45.798,20200203,0622,202002,2020
5e374c0530d4207f172ecfd2,5e34dde330d4207f172a9933,2020-02-02 22:24:05.488,20200203,0624,202002,2020
5e374ca830d4207f172ed199,5dbf7e0b30d42040dae87cbf,2020-02-02 22:26:48.301,20200203,0626,202002,2020
5e374ced30d4207f172ed1c5,5d7ba550887d1f51cb2ac54e,2020-02-02 22:27:57.012,20200203,0627,202002,2020
5e374de530d4207f172ed204,5d4a75e2887d1f0795133d12,2020-02-02 22:32:05.971,20200203,0632,202002,2020
5e374e0230d4207f172ed2ba,5dae6153887d1f6788628d36,2020-02-02 22:32:34.102,20200203,0632,202002,2020
5e37552d30d4207f172ed501,5d4a7e91887d1f07ed6f5f30,2020-02-02 23:03:09.628,20200203,0703,202002,2020
5e3755af30d4207f172ed55f,5d4aa439887d1f07ed769882,2020-02-02 23:05:19.423,20200203,0705,202002,2020
5e37584e30d4207f172ed5a7,5e006fc430d4200304012747,2020-02-02 23:16:30.369,20200203,0716,202002,2020
5e37592d30d4207f172ed5f0,5df0923630d42020c40c0f93,2020-02-02 23:20:13.261,20200203,0720,202002,2020
5e37594930d4207f172ed661,5dc2935b30d42040daff8159,2020-02-02 23:20:41.919,20200203,0720,202002,2020
5e37594d30d4207f172ed6d5,5df8418c30d4202527860eda,2020-02-02 23:20:45.495,20200203,0720,202002,2020
5e375aac30d4207f172ed7ce,5d9c47b7887d1f0b0ade9124,2020-02-02 23:26:36.088,20200203,0726,202002,2020
5e375b1730d4207f172ed868,5d4a77b4887d1f0795148467,2020-02-02 23:28:23.579,20200203,0728,202002,2020
5e375b8430d4207f172ed8a5,5d4a855f887d1f07ed717b42,2020-02-02 23:30:12.388,20200203,0730,202002,2020
5e375c4130d4207f172ed8e3,5e2691da30d4207f17151af7,2020-02-02 23:33:21.360,20200203,0733,202002,2020
5e375ca630d4207f172ed915,5d4b8e0f887d1f07ed7c9bcb,2020-02-02 23:35:02.213,20200203,0735,202002,2020
5e375cd230d4207f172ed93c,5de9e8ce30d42043d991fd41,2020-02-02 23:35:46.860,20200203,0735,202002,2020
5e375dee30d4207f172ed972,5e14086b887d1f590372a48b,2020-02-02 23:40:30.978,20200203,0740,202002,2020
5e375e58887d1f24c244b33b,5e0a8dc230d4203e05b8a035,2020-02-02 23:42:16.477,20200203,0742,202002,2020
5e375e6530d4207f172ed9bb,5de8a75f887d1f54cd37ed39,2020-02-02 23:42:29.765,20200203,0742,202002,2020
5e375e9130d4207f172eda42,5d71e213887d1f611fd32e5f,2020-02-02 23:43:13.663,20200203,0743,202002,2020
5e375ed6887d1f24c244b35e,5df0652b30d42020c40a06d2,2020-02-02 23:44:22.609,20200203,0744,202002,2020
5e375efc30d4207f172eda96,5e1030c930d420523e7ac08d,2020-02-02 23:45:00.521,20200203,0745,202002,2020
5e37604a30d4207f172edb33,5db00b37887d1f70f7eca981,2020-02-02 23:50:34.840,20200203,0750,202002,2020
5e3760c6887d1f24c244b380,5e1adc9b30d420781b1c8a3b,2020-02-02 23:52:38.349,20200203,0752,202002,2020
5e37616830d4207f172edd23,5dba3d19887d1f6d135ba474,2020-02-02 23:55:20.285,20200203,0755,202002,2020
5e3761b630d4207f172eddae,5dff059630d4200304d7c932,2020-02-02 23:56:38.344,20200203,0756,202002,2020
5e3761b830d4207f172eddc7,5d7c56fb887d1f51cb2b745c,2020-02-02 23:56:40.295,20200203,0756,202002,2020
5e3761d530d4207f172ede95,5e1eb63230d4207f17f3f94b,2020-02-02 23:57:09.243,20200203,0757,202002,2020
5e37622630d4207f172edf2d,5db6aca430d4206a297728ab,2020-02-02 23:58:30.589,20200203,0758,202002,2020
5e3763d630d4207f172ee0f4,5d4ba00a887d1f07ed7ee727,2020-02-03 00:05:42.524,20200203,0805,202002,2020
5e37647730d4207f172ee132,5e03060a30d420731ce77e47,2020-02-03 00:08:23.314,20200203,0808,202002,2020
5e37647c30d4207f172ee175,5ddcc7df887d1f7c8f84b850,2020-02-03 00:08:28.529,20200203,0808,202002,2020
5e376578887d1f24c244b4f3,5e215c2a887d1f24c2348fd8,2020-02-03 00:12:40.961,20200203,0812,202002,2020
5e3765a630d4207f172ee2c8,5d4aa668887d1f07ed76f720,2020-02-03 00:13:26.790,20200203,0813,202002,2020
5e37662730d4207f172ee436,5df5d52630d4204cc8b61f0d,2020-02-03 00:15:35.862,20200203,0815,202002,2020
5e37665f30d4207f172ee4cc,5db7a057887d1f0c44c8ee91,2020-02-03 00:16:31.076,20200203,0816,202002,2020
5e37668e30d4207f172ee4ef,5e3395b430d4207f17285e63,2020-02-03 00:17:18.325,20200203,0817,202002,2020
5e3766a930d4207f172ee546,5e26aaaa30d4207f171587ec,2020-02-03 00:17:45.340,20200203,0817,202002,2020
5e3766c8887d1f24c244b5db,5d4a77c6887d1f0795148fbb,2020-02-03 00:18:16.076,20200203,0818,202002,2020
5e37678930d4207f172ee5d4,5e200000887d1f24c232e834,2020-02-03 00:21:29.206,20200203,0821,202002,2020
5e37682030d4207f172ee6e5,5e2693b630d4207f17151fea,2020-02-03 00:24:00.040,20200203,0824,202002,2020
5e3768e330d4207f172ee7b9,5e2a6026887d1f24c23f5d46,2020-02-03 00:27:15.078,20200203,0827,202002,2020
5e37692a30d4207f172ee82c,5d4a7808887d1f079514b6eb,2020-02-03 00:28:26.574,20200203,0828,202002,2020
5e37693b30d4207f172ee860,5d4ba30f887d1f07ed7f4607,2020-02-03 00:28:43.049,20200203,0828,202002,2020
5e3769a930d4207f172ee918,5e0c442f30d420523e613686,2020-02-03 00:30:33.816,20200203,0830,202002,2020
5e3769e730d4207f172ee946,5de9f66a887d1f6618841a9c,2020-02-03 00:31:35.815,20200203,0831,202002,2020
5e376a1230d4207f172ee981,5da689fa887d1f10869345ab,2020-02-03 00:32:18.864,20200203,0832,202002,2020
5e376aac887d1f24c244b90a,5df83b0b30d4202527854f64,2020-02-03 00:34:52.082,20200203,0834,202002,2020
5e376aad30d4207f172eea44,5dea46b330d4205681b8c5b6,2020-02-03 00:34:53.733,20200203,0834,202002,2020
5e376b0a30d4207f172eeaad,5d4b9110887d1f07ed7cff91,2020-02-03 00:36:26.573,20200203,0836,202002,2020
5e376b4430d4207f172eeba2,5e21118530d4207f17fb7530,2020-02-03 00:37:24.173,20200203,0837,202002,2020
5e376c2c30d4207f172eebf7,5e09e47030d4203e05b5e864,2020-02-03 00:41:16.873,20200203,0841,202002,2020
5e376d7e887d1f24c244b984,5d4aa999887d1f07ed7780ab,2020-02-03 00:46:54.510,20200203,0846,202002,2020
5e376ddf30d4207f172eee7b,5dba712630d420016a6c4c1e,2020-02-03 00:48:31.256,20200203,0848,202002,2020
5e377038887d1f24c244bc29,5d4b8b5a887d1f07ed7c4045,2020-02-03 00:58:32.833,20200203,0858,202002,2020
5e3770ee887d1f24c244bda2,5d8076bb887d1f3a486b3316,2020-02-03 01:01:34.157,20200203,0901,202002,2020
5e3770fa887d1f24c244bdc9,5db40a1930d4204e8cd615d6,2020-02-03 01:01:46.917,20200203,0901,202002,2020
5e37717630d4207f172ef5d0,5df9c28d30d4203e080ae230,2020-02-03 01:03:50.784,20200203,0903,202002,2020
5e37719b30d4207f172ef614,5dd24ca530d420799b81fe07,2020-02-03 01:04:27.704,20200203,0904,202002,2020
5e3771ad887d1f24c244bf0b,5d4a81be887d1f07ed707d0e,2020-02-03 01:04:45.882,20200203,0904,202002,2020
5e37727a30d4207f172ef7ca,5e016f2230d42045171115b5,2020-02-03 01:08:10.622,20200203,0908,202002,2020
5e37736330d4207f172efa10,5e05672130d4201186eb8abf,2020-02-03 01:12:03.312,20200203,0912,202002,2020
5e3773cc30d4207f172efa40,5dc0dac630d42040daf16630,2020-02-03 01:13:48.604,20200203,0913,202002,2020
5e3773e1887d1f24c244c048,5d4b7893887d1f07ed79af42,2020-02-03 01:14:09.667,20200203,0914,202002,2020
5e3773fc30d4207f172efaf1,5d4bb42c887d1f07ed811008,2020-02-03 01:14:36.434,20200203,0914,202002,2020
5e3774bb30d4207f172efbe7,5e1e894330d4207f17f2d073,2020-02-03 01:17:47.245,20200203,0917,202002,2020
5e3774be30d4207f172efc09,5d4bb3bb887d1f07ed8103ea,2020-02-03 01:17:50.427,20200203,0917,202002,2020
5e3776d8887d1f24c244c28a,5e3242ab30d4207f17263c5e,2020-02-03 01:26:48.803,20200203,0926,202002,2020
5e3776fa887d1f24c244c2c1,5e16f11d30d420781b0e6e9f,2020-02-03 01:27:22.806,20200203,0927,202002,2020
5e37770730d4207f172f0195,5d4a87c2887d1f07ed7220e7,2020-02-03 01:27:35.692,20200203,0927,202002,2020
5e37774030d4207f172f027d,5e35233130d4207f172ba9e5,2020-02-03 01:28:32.130,20200203,0928,202002,2020
5e37778d30d4207f172f0323,5e0457b2887d1f20fc980d00,2020-02-03 01:29:49.684,20200203,0929,202002,2020
5e3778db30d4207f172f05cb,5d4b90cb887d1f07ed7cf6ac,2020-02-03 01:35:23.897,20200203,0935,202002,2020
5e3779a230d4207f172f072d,5de2010430d4203dd5a3bfc6,2020-02-03 01:38:42.404,20200203,0938,202002,2020
5e377a6d30d4207f172f081c,5ddb7f9930d42045bc01f876,2020-02-03 01:42:05.663,20200203,0942,202002,2020
5e377a7d887d1f24c244c3da,5d776c08887d1f611fe04585,2020-02-03 01:42:21.513,20200203,0942,202002,2020
5e377ac630d4207f172f09d6,5e3777bf30d4207f172f03cc,2020-02-03 01:43:34.750,20200203,0943,202002,2020
5e377b2b887d1f24c244c401,5e3641d630d4207f172d50c9,2020-02-03 01:45:15.038,20200203,0945,202002,2020
5e377b6630d4207f172f0b6b,5d4a7dc7887d1f07ed6f0fe9,2020-02-03 01:46:14.009,20200203,0946,202002,2020
5e377cb530d4207f172f0c78,5e33d1ff30d4207f17292ef9,2020-02-03 01:51:49.195,20200203,0951,202002,2020
5e377cd4887d1f24c244c4b7,5d4a793a887d1f079515593f,2020-02-03 01:52:20.544,20200203,0952,202002,2020
5e377cfb30d4207f172f0ce0,5e255e4930d4207f17109c16,2020-02-03 01:52:59.614,20200203,0952,202002,2020
5e377db330d4207f172f0ddc,5e0aae7e30d420523e511b7d,2020-02-03 01:56:03.211,20200203,0956,202002,2020
5e377eec30d4207f172f0f72,5df495ed30d4204cc8ac36b5,2020-02-03 02:01:16.639,20200203,1001,202002,2020
5e37818a887d1f24c244c8a4,5e229bff30d4207f1703598d,2020-02-03 02:12:26.893,20200203,1012,202002,2020
5e3782b4887d1f24c244c963,5e2bb43630d4207f171feff5,2020-02-03 02:17:24.603,20200203,1017,202002,2020
5e37837930d4207f172f1bda,5dc2302a30d42040dafae0c8,2020-02-03 02:20:41.366,20200203,1020,202002,2020
5e37837b30d4207f172f1c0d,5d4aa036887d1f07ed75e4d0,2020-02-03 02:20:43.170,20200203,1020,202002,2020
5e3783b630d4207f172f1ee7,5e37816d30d4207f172f139a,2020-02-03 02:21:42.699,20200203,1021,202002,2020
5e3783cd30d4207f172f1f3d,5df3691c30d4204cc8a2ef00,2020-02-03 02:22:05.671,20200203,1022,202002,2020
5e37847d30d4207f172f230b,5e1ff84930d4207f17f7e637,2020-02-03 02:25:01.117,20200203,1025,202002,2020
5e3784a130d4207f172f2374,5ddb9e01887d1f652a6cd43b,2020-02-03 02:25:37.745,20200203,1025,202002,2020
5e37855730d4207f172f25f7,5e0add0430d420523e541c28,2020-02-03 02:28:39.588,20200203,1028,202002,2020
5e37859030d4207f172f274d,5e2bf76b30d4207f172044ce,2020-02-03 02:29:36.425,20200203,1029,202002,2020
5e3785eb30d4207f172f29a4,5e3765a330d4207f172ee29a,2020-02-03 02:31:07.136,20200203,1031,202002,2020
5e3786dd887d1f24c244cfdb,5d4b7bd0887d1f07ed7a1ddc,2020-02-03 02:35:09.213,20200203,1035,202002,2020
5e378756887d1f24c244d105,5d77295e887d1f611fdee578,2020-02-03 02:37:10.875,20200203,1037,202002,2020
5e3789c030d4207f172f3474,5d4b8979887d1f07ed7bfeea,2020-02-03 02:47:28.510,20200203,1047,202002,2020
5e378b9230d4207f172f3a28,5e23b21e887d1f24c2372a3a,2020-02-03 02:55:14.239,20200203,1055,202002,2020
5e378ba230d4207f172f3a98,5ddb879e30d42045bc027077,2020-02-03 02:55:30.132,20200203,1055,202002,2020
5e378bb9887d1f24c244d4b0,5d4babb6887d1f07ed802228,2020-02-03 02:55:53.777,20200203,1055,202002,2020
5e378c9530d4207f172f3cba,5dbe363d30d42040dae17fb9,2020-02-03 02:59:33.720,20200203,1059,202002,2020
5e378cbe30d4207f172f3ee2,5dea162f30d4205681b70ae0,2020-02-03 03:00:14.620,20200203,1100,202002,2020
5e378cc230d4207f172f3f19,5e1986ee30d420781b17f4b0,2020-02-03 03:00:18.666,20200203,1100,202002,2020
5e378cca30d4207f172f3f6a,5d4a962e887d1f07ed752aac,2020-02-03 03:00:26.341,20200203,1100,202002,2020
5e378db530d4207f172f447b,5de9da1d30d42043d9914428,2020-02-03 03:04:21.797,20200203,1104,202002,2020
5e378e8630d4207f172f47aa,5de8a52130d42017cacd26c8,2020-02-03 03:07:50.147,20200203,1107,202002,2020
5e378ed030d4207f172f4934,5e3786eb30d4207f172f2d3c,2020-02-03 03:09:04.336,20200203,1109,202002,2020
5e378f9c30d4207f172f4cab,5e21980b30d4207f17003ac4,2020-02-03 03:12:28.733,20200203,1112,202002,2020
5e37905030d4207f172f4f43,5de4af8330d4206e334ea2aa,2020-02-03 03:15:28.440,20200203,1115,202002,2020
5e3790ec30d4207f172f4fd0,5e265ae830d4207f1714320f,2020-02-03 03:18:04.418,20200203,1118,202002,2020
5e3790fa30d4207f172f507c,5e25683530d4207f171113ec,2020-02-03 03:18:18.885,20200203,1118,202002,2020
5e379184887d1f24c244db29,5dde3f11887d1f6e6c7556ad,2020-02-03 03:20:36.960,20200203,1120,202002,2020
5e3791dd30d4207f172f541b,5d804536887d1f3a486a6822,2020-02-03 03:22:05.102,20200203,1122,202002,2020
5e37928f887d1f24c244de6a,5e2542bd30d4207f170ed354,2020-02-03 03:25:03.707,20200203,1125,202002,2020
5e3792fe887d1f24c244df60,5d4a7607887d1f0795136001,2020-02-03 03:26:54.797,20200203,1126,202002,2020
5e37938430d4207f172f5b64,5ddb624030d42045bc003f1f,2020-02-03 03:29:08.751,20200203,1129,202002,2020
5e3793a6887d1f24c244e116,5e2fddd5887d1f24c2411934,2020-02-03 03:29:42.323,20200203,1129,202002,2020
5e3794b7887d1f24c244e1dd,5db7a38330d4206a2979bfd9,2020-02-03 03:34:15.082,20200203,1134,202002,2020
5e37991530d4207f172f7813,5dc3bd1530d4200a0bb05767,2020-02-03 03:52:53.978,20200203,1152,202002,2020
5e37991d30d4207f172f7847,5e16f98a30d420781b0e9dbf,2020-02-03 03:53:01.148,20200203,1153,202002,2020
5e3799a6887d1f24c244e986,5e22aae930d4207f1703a543,2020-02-03 03:55:18.093,20200203,1155,202002,2020
5e379a9930d4207f172f7db1,5e19a6b330d420781b18c36f,2020-02-03 03:59:21.714,20200203,1159,202002,2020
5e379b6b30d4207f172f805d,5e362e1d30d4207f172d126c,2020-02-03 04:02:51.722,20200203,1202,202002,2020
5e379c6230d4207f172f81f5,5d4a7568887d1f078674d4fd,2020-02-03 04:06:58.842,20200203,1206,202002,2020
5e379f8e30d4207f172f88a6,5da83a15887d1f315fe1b67d,2020-02-03 04:20:30.029,20200203,1220,202002,2020
5e37a1e830d4207f172f8df7,5e34fda030d4207f172b0c8c,2020-02-03 04:30:32.375,20200203,1230,202002,2020
5e37a334887d1f24c244f1da,5de31ec9887d1f3d15ba4f2c,2020-02-03 04:36:04.191,20200203,1236,202002,2020
5e37a51d30d4207f172f947b,5dc8e2f430d4200a0bcb84dc,2020-02-03 04:44:13.587,20200203,1244,202002,2020
5e37a5ec30d4207f172f9760,5df1e1a230d42020c4192461,2020-02-03 04:47:40.257,20200203,1247,202002,2020
5e37a64430d4207f172f98fe,5d4b798f887d1f07ed79d231,2020-02-03 04:49:08.898,20200203,1249,202002,2020
5e37a6d4887d1f24c244f736,5e180f99887d1f5903782e69,2020-02-03 04:51:32.195,20200203,1251,202002,2020
5e37a7be887d1f24c244f7bf,5e0711ff30d42023af1930f7,2020-02-03 04:55:26.729,20200203,1255,202002,2020
5e37a89030d4207f172f9d65,5e23b54b887d1f24c2372db2,2020-02-03 04:58:56.196,20200203,1258,202002,2020
5e37aa6030d4207f172f9f34,5e34ecbd30d4207f172ad71e,2020-02-03 05:06:40.833,20200203,1306,202002,2020
5e37aae5887d1f24c244f9f1,5dfdaf6d30d4200304c720a6,2020-02-03 05:08:53.242,20200203,1308,202002,2020
5e37ac8230d4207f172fa4c9,5da1aaea887d1f0e83e03834,2020-02-03 05:15:46.171,20200203,1315,202002,2020
5e37acbf887d1f24c244fb49,5dfc76a830d420545175cf4d,2020-02-03 05:16:47.259,20200203,1316,202002,2020
5e37add930d4207f172fa7ec,5e0db81f30d420523e6aa54b,2020-02-03 05:21:29.427,20200203,1321,202002,2020
5e37ae7730d4207f172fab31,5e17d8e2887d1f590377c139,2020-02-03 05:24:07.740,20200203,1324,202002,2020
5e37aeba887d1f24c244fbb6,5df204ef30d42020c41c8320,2020-02-03 05:25:14.982,20200203,1325,202002,2020
5e37af9130d4207f172fb046,5dc77e6330d4200a0bc475b8,2020-02-03 05:28:49.906,20200203,1328,202002,2020
5e37afa030d4207f172fb11f,5e26aba930d4207f1715900f,2020-02-03 05:29:04.783,20200203,1329,202002,2020
5e37b1e830d4207f172fb4c0,5e01a1d8887d1f7b83437e2d,2020-02-03 05:38:48.487,20200203,1338,202002,2020
5e37b4a430d4207f172fb907,5e34dfab30d4207f172a9e24,2020-02-03 05:50:28.880,20200203,1350,202002,2020
5e37b5de30d4207f172fbc67,5e006a3630d4200304004242,2020-02-03 05:55:42.917,20200203,1355,202002,2020
5e37b84430d4207f172fc31d,5e0f18b130d420523e75b0ee,2020-02-03 06:05:56.222,20200203,1405,202002,2020
5e37b87c30d4207f172fc397,5dbb909430d42040dac9d409,2020-02-03 06:06:52.053,20200203,1406,202002,2020
5e37bb2f30d4207f172fcb12,5d4aac44887d1f07ed77efc9,2020-02-03 06:18:23.759,20200203,1418,202002,2020
5e37bbf630d4207f172fd246,5e04479630d420731cf05e82,2020-02-03 06:21:42.629,20200203,1421,202002,2020
5e37bc0230d4207f172fd293,5e0dfd4e30d420523e6c2466,2020-02-03 06:21:54.214,20200203,1421,202002,2020
5e37bf96887d1f24c2450bd6,5e1c60e230d4206315a6997d,2020-02-03 06:37:10.473,20200203,1437,202002,2020
5e37c11f30d4207f172fdbcb,5db3e19930d4204e8cd449cd,2020-02-03 06:43:43.364,20200203,1443,202002,2020
5e37c2b630d4207f172fdd19,5d7208a2887d1f611fd43039,2020-02-03 06:50:30.570,20200203,1450,202002,2020
5e37c46130d4207f172fdede,5d4b79d2887d1f07ed79db16,2020-02-03 06:57:37.084,20200203,1457,202002,2020
5e37c72f30d4207f172fe4be,5e1eb76d30d4207f17f40506,2020-02-03 07:09:35.705,20200203,1509,202002,2020
5e37c82430d4207f172fe72b,5d7b11e2887d1f51cb299c98,2020-02-03 07:13:40.185,20200203,1513,202002,2020
5e37ca3830d4207f172ff42f,5e37c8ae30d4207f172fe9fc,2020-02-03 07:22:32.200,20200203,1522,202002,2020
5e37cada30d4207f172ff58c,5e041e0d30d420731cef16b9,2020-02-03 07:25:14.685,20200203,1525,202002,2020
5e37cbaf30d4207f172ff83a,5dec9d7430d4205681c7504f,2020-02-03 07:28:47.434,20200203,1528,202002,2020
5e37cbf030d4207f172ff9e8,5d4a76e2887d1f079514084c,2020-02-03 07:29:52.255,20200203,1529,202002,2020
5e37cd6a30d4207f17300583,5d4a7fcd887d1f07ed6fd24d,2020-02-03 07:36:10.750,20200203,1536,202002,2020
5e37cdcf30d4207f1730084b,5e37cbaf30d4207f172ff848,2020-02-03 07:37:51.307,20200203,1537,202002,2020
5e37ce3b30d4207f17300909,5e37cd4f30d4207f17300360,2020-02-03 07:39:39.196,20200203,1539,202002,2020
5e37d0c130d4207f17300fe4,5dbbc59630d42040dacfafa2,2020-02-03 07:50:25.727,20200203,1550,202002,2020
5e37d27130d4207f173016d6,5e1fda4230d4207f17f77750,2020-02-03 07:57:37.700,20200203,1557,202002,2020
5e37d8c1887d1f24c24523b7,5e37d62930d4207f173027e8,2020-02-03 08:24:33.120,20200203,1624,202002,2020
5e37d91330d4207f1730361c,5daec597887d1f61b55cff81,2020-02-03 08:25:55.877,20200203,1625,202002,2020
5e37d97e30d4207f17303a3a,5e378d7a30d4207f172f4328,2020-02-03 08:27:42.429,20200203,1627,202002,2020
5e37db06887d1f24c24526ef,5e159c54887d1f5903753fe4,2020-02-03 08:34:14.150,20200203,1634,202002,2020
5e37dba330d4207f173041eb,5e142cca887d1f590372f2ea,2020-02-03 08:36:51.691,20200203,1636,202002,2020
5e37dba5887d1f24c2452796,5e37846f887d1f24c244cb59,2020-02-03 08:36:53.038,20200203,1636,202002,2020
5e37dca230d4207f173044c6,5e1d22b330d4206315a824db,2020-02-03 08:41:06.861,20200203,1641,202002,2020
5e37dfa230d4207f17304dcb,5dcba89f887d1f7a34ea61cc,2020-02-03 08:53:54.132,20200203,1653,202002,2020
5e37e2a9887d1f24c2452f74,5e37d1c0887d1f24c2451c35,2020-02-03 09:06:49.484,20200203,1706,202002,2020
5e37e2fa30d4207f173054fa,5e37e1a330d4207f1730532a,2020-02-03 09:08:10.096,20200203,1708,202002,2020
5e37e33b30d4207f17305671,5deef888887d1f658f89394b,2020-02-03 09:09:15.584,20200203,1709,202002,2020
5e37e3c030d4207f173056fa,5e3694bf887d1f24c2446f10,2020-02-03 09:11:28.719,20200203,1711,202002,2020
5e37e56e30d4207f17305b78,5e10262330d420523e7a588d,2020-02-03 09:18:38.484,20200203,1718,202002,2020
5e37e5a130d4207f17305b9e,5e37d8f830d4207f17303552,2020-02-03 09:19:29.465,20200203,1719,202002,2020
5e37e68c887d1f24c24532b2,5d4bab95887d1f07ed801e6b,2020-02-03 09:23:24.714,20200203,1723,202002,2020
5e37eb0330d4207f17306583,5e33871730d4207f172820b3,2020-02-03 09:42:27.082,20200203,1742,202002,2020
5e37ec92887d1f24c2453591,5deb1b2b30d4205681bd6a31,2020-02-03 09:49:06.204,20200203,1749,202002,2020
5e37ef1330d4207f17306b78,5e323ed930d4207f172631f9,2020-02-03 09:59:47.387,20200203,1759,202002,2020
5e37f1b830d4207f17307055,5d4b72af887d1f07ed78da46,2020-02-03 10:11:04.782,20200203,1811,202002,2020
5e37f48730d4207f17307467,5d4a8a4e887d1f07ed72be2b,2020-02-03 10:23:03.696,20200203,1823,202002,2020
5e37f8aa30d4207a4881acf8,5e256b2430d4207f1711386d,2020-02-03 10:40:42.605,20200203,1840,202002,2020
5e37f8c7887d1f730aa86db1,5df05a93887d1f45c04ca06f,2020-02-03 10:41:11.049,20200203,1841,202002,2020
5e37fcaa30d4207a4881b066,5d4a7ee6887d1f07ed6f7f49,2020-02-03 10:57:46.916,20200203,1857,202002,2020
5e37fcee30d4207a4881b111,5e37a4a9887d1f24c244f36e,2020-02-03 10:58:54.681,20200203,1858,202002,2020
5e37fe9830d4207a4881b528,5dfc3440887d1f6a639b3ad2,2020-02-03 11:06:00.691,20200203,1906,202002,2020
5e38001830d4207a4881b7ec,5e15569130d420781b0671d0,2020-02-03 11:12:24.245,20200203,1912,202002,2020
5e38002630d4207a4881b83e,5dd9d5f730d42045bcf610d1,2020-02-03 11:12:38.425,20200203,1912,202002,2020
5e38035030d4207a4881bb8d,5df0504b887d1f45c04c5a43,2020-02-03 11:26:08.392,20200203,1926,202002,2020
5e38051d30d4207a4881c258,5e211b0e30d4207f17fbb6a7,2020-02-03 11:33:49.714,20200203,1933,202002,2020
5e38059b30d4207a4881c586,5e08530030d42023af1deef6,2020-02-03 11:35:55.532,20200203,1935,202002,2020
5e3805fc887d1f730aa8759c,5d4b7f21887d1f07ed7a8f98,2020-02-03 11:37:32.116,20200203,1937,202002,2020
5e3806b730d4207a4881cc15,5db7e59430d4206a297c9b0f,2020-02-03 11:40:39.744,20200203,1940,202002,2020
5e38083830d4207a4881cf8f,5e37d89430d4207f17303330,2020-02-03 11:47:04.424,20200203,1947,202002,2020
5e38084930d4207a4881cfc8,5d4a80b8887d1f07ed7023da,2020-02-03 11:47:21.301,20200203,1947,202002,2020
5e3808a630d4207a4881d20d,5e0ea8ef30d420523e6e2323,2020-02-03 11:48:54.688,20200203,1948,202002,2020
5e380a57887d1f730aa877fa,5d4a7926887d1f0795154fd6,2020-02-03 11:56:07.833,20200203,1956,202002,2020
5e380cc430d4207a4881dff5,5d54f747887d1f1bf448671f,2020-02-03 12:06:28.957,20200203,2006,202002,2020
5e38116330d4207a4881e996,5d4b8fb5887d1f07ed7cd231,2020-02-03 12:26:11.252,20200203,2026,202002,2020
5e38141030d4207a4881eadb,5dba4a0b887d1f6d135be89b,2020-02-03 12:37:36.872,20200203,2037,202002,2020
5e3814a8887d1f730aa87ef0,5df8a466887d1f597ca2f27f,2020-02-03 12:40:08.360,20200203,2040,202002,2020
5e3814e830d4207a4881ece1,5cf8bc68887d1f0344ed4b95,2020-02-03 12:41:12.351,20200203,2041,202002,2020
5e38156e30d4207a4881ee2a,5e00838030d4200304040a7a,2020-02-03 12:43:26.796,20200203,2043,202002,2020
5e3815d430d4207a4881ee9f,5e37cc2e30d4207f172ffcc1,2020-02-03 12:45:08.597,20200203,2045,202002,2020
5e3818fd887d1f730aa880ed,5e0ac17030d420523e52fff4,2020-02-03 12:58:37.561,20200203,2058,202002,2020
5e38219730d4207a4881fb81,5e01c58530d4204517163409,2020-02-03 13:35:19.231,20200203,2135,202002,2020
5e38267130d4207a48820081,5df6f53d30d4204cc8c01811,2020-02-03 13:56:01.580,20200203,2156,202002,2020
5e382e2c30d4207a48820751,5dfedc4c30d4200304d5c2e9,2020-02-03 14:29:00.838,20200203,2229,202002,2020
5e382e4d887d1f730aa88c82,5d4b8b73887d1f07ed7c439f,2020-02-03 14:29:33.434,20200203,2229,202002,2020
5e382f3f30d4207a48820ac3,5e2fb8bd30d4207f17238987,2020-02-03 14:33:35.604,20200203,2233,202002,2020
5e382fbb30d4207a48820bc5,5e32ba7d30d4207f17278d29,2020-02-03 14:35:39.816,20200203,2235,202002,2020
5e38301d887d1f730aa88e92,5da84b12887d1f14863d44f6,2020-02-03 14:37:17.006,20200203,2237,202002,2020
5e38338b30d4207a48821298,5e27b80a30d4207f17184997,2020-02-03 14:51:55.687,20200203,2251,202002,2020
5e3833d7887d1f730aa89320,5db9230230d4206a29835129,2020-02-03 14:53:11.926,20200203,2253,202002,2020
5e3833f130d4207a48821487,5e0db29f30d420523e6a652a,2020-02-03 14:53:37.256,20200203,2253,202002,2020
5e38366230d4207a48821a93,5d903fbe887d1f28e78e87a6,2020-02-03 15:04:02.515,20200203,2304,202002,2020
5e38367030d4207a48821ad5,5e37889130d4207f172f3135,2020-02-03 15:04:16.993,20200203,2304,202002,2020
5e38377c30d4207a48821d4d,5df03f5d30d42020c4079330,2020-02-03 15:08:44.011,20200203,2308,202002,2020
5e38390d887d1f730aa897c1,5e378d8430d4207f172f4375,2020-02-03 15:15:25.808,20200203,2315,202002,2020
5e383f6830d4207a48822443,5d4a7936887d1f07951557f5,2020-02-03 15:42:32.605,20200203,2342,202002,2020
5e38413b30d4207a488224bc,5e23d66e30d4207f170738a9,2020-02-03 15:50:19.973,20200203,2350,202002,2020
5e3841d530d4207a4882257f,5dd74731887d1f41b79b97d1,2020-02-03 15:52:53.976,20200203,2352,202002,2020
5e38442030d4207a488226b3,5dd34e0330d420799b866c9e,2020-02-03 16:02:40.357,20200204,0002,202002,2020
5e3844a3887d1f730aa89918,5d4a7dc7887d1f07ed6f0fe9,2020-02-03 16:04:51.815,20200204,0004,202002,2020
5e3844f130d4207a48822773,5e1bf83930d420781b1f8b7c,2020-02-03 16:06:09.352,20200204,0006,202002,2020
5e38454330d4207a488228cc,5d4a7601887d1f0795135b5d,2020-02-03 16:07:31.601,20200204,0007,202002,2020
5e38455f30d4207a48822930,5d4a7568887d1f078674d4fd,2020-02-03 16:07:59.664,20200204,0007,202002,2020
5e38458d30d4207a488229ad,5d86cfa5887d1f4382ff7644,2020-02-03 16:08:45.445,20200204,0008,202002,2020
5e3845af30d4207a48822a70,5d4b9dd6887d1f07ed7e9def,2020-02-03 16:09:19.245,20200204,0009,202002,2020
5e38479330d4207a48822d6a,5d4ba30f887d1f07ed7f4607,2020-02-03 16:17:23.037,20200204,0017,202002,2020
5e384950887d1f730aa89a04,5e196594887d1f590379e882,2020-02-03 16:24:48.669,20200204,0024,202002,2020
5e384aad30d4207a48822eab,5df19fe330d42020c4142bc5,2020-02-03 16:30:37.366,20200204,0030,202002,2020
5e384b5630d4207a48822f26,5e215c2a887d1f24c2348fd8,2020-02-03 16:33:26.288,20200204,0033,202002,2020
5e384b70887d1f730aa89a4c,5d4aac6d887d1f07ed77f65c,2020-02-03 16:33:52.045,20200204,0033,202002,2020
5e384c6730d4207a48823029,5d4bb3bb887d1f07ed8103ea,2020-02-03 16:37:59.311,20200204,0037,202002,2020
5e384d9c30d4207a488231ad,5de0aaa430d4202dc1e6b898,2020-02-03 16:43:08.280,20200204,0043,202002,2020
5e384f4530d4207a4882330d,5dba9823887d1f6d135d5b35,2020-02-03 16:50:13.181,20200204,0050,202002,2020
5e38519d30d4207a4882338b,5dba4d1130d420016a6afad6,2020-02-03 17:00:13.895,20200204,0100,202002,2020
5e385547887d1f730aa89c10,5e23d66e30d4207f170738a9,2020-02-03 17:15:51.778,20200204,0115,202002,2020
5e38588d30d4207a4882356c,5d4a8119887d1f07ed70455e,2020-02-03 17:29:49.085,20200204,0129,202002,2020
5e386307887d1f730aa89d4f,5d4b72af887d1f07ed78da46,2020-02-03 18:14:31.006,20200204,0214,202002,2020
5e386ba130d4207a48823c57,5deb1b2b30d4205681bd6a31,2020-02-03 18:51:13.184,20200204,0251,202002,2020
5e38753f887d1f730aa89f56,5df1b35130d42020c4160aa3,2020-02-03 19:32:15.697,20200204,0332,202002,2020
5e38850d30d4207a48824094,5da3faa2887d1f0e83f0037d,2020-02-03 20:39:41.269,20200204,0439,202002,2020
5e3891f930d4207a488240ef,5e102b7a30d420523e7a837c,2020-02-03 21:34:49.856,20200204,0534,202002,2020
5e3893a930d4207a4882412d,5ddb2d9e30d42045bcfd340b,2020-02-03 21:42:01.028,20200204,0542,202002,2020
5e38945830d4207a48824160,5e0b1b4c30d420523e598da6,2020-02-03 21:44:56.472,20200204,0544,202002,2020
5e38973230d4207a4882419f,5da7daa5887d1f5d46f4ecf1,2020-02-03 21:57:06.640,20200204,0557,202002,2020
5e389c3530d4207a488243f0,5e37d89430d4207f17303330,2020-02-03 22:18:29.713,20200204,0618,202002,2020
5e389fa530d4207a48824530,5d4a86fe887d1f07ed71eddb,2020-02-03 22:33:09.236,20200204,0633,202002,2020
5e38a06b887d1f730aa8a3b3,5e1030c930d420523e7ac08d,2020-02-03 22:36:27.717,20200204,0636,202002,2020
5e38a60230d4207a48824620,5e0aeb4b887d1f663fccc7d0,2020-02-03 23:00:18.898,20200204,0700,202002,2020
5e38a7fe887d1f730aa8a50d,5d4a7e91887d1f07ed6f5f30,2020-02-03 23:08:46.385,20200204,0708,202002,2020
5e38a84130d4207a488248fb,5d4aa439887d1f07ed769882,2020-02-03 23:09:53.380,20200204,0709,202002,2020
5e38a85d887d1f730aa8a538,5e006fc430d4200304012747,2020-02-03 23:10:21.954,20200204,0710,202002,2020
5e38a87530d4207a488249d5,5d4a7744887d1f07951445a0,2020-02-03 23:10:45.142,20200204,0710,202002,2020
5e38aaf230d4207a48824c81,5ddcc7df887d1f7c8f84b850,2020-02-03 23:21:22.363,20200204,0721,202002,2020
5e38aaf330d4207a48824c93,5ddb7f9930d42045bc01f876,2020-02-03 23:21:23.064,20200204,0721,202002,2020
5e38aaf9887d1f730aa8a5a5,5e01c58530d4204517163409,2020-02-03 23:21:29.958,20200204,0721,202002,2020
5e38ab42887d1f730aa8a5f0,5de24578887d1f3d15b8b104,2020-02-03 23:22:42.976,20200204,0722,202002,2020
5e38ac5f30d4207a48824e9d,5d4b8e0f887d1f07ed7c9bcb,2020-02-03 23:27:27.081,20200204,0727,202002,2020
5e38ad6630d4207a48824f58,5d4aa4bb887d1f07ed76ad01,2020-02-03 23:31:50.349,20200204,0731,202002,2020
5e38ae2b30d4207a4882503f,5d4ba00a887d1f07ed7ee727,2020-02-03 23:35:07.324,20200204,0735,202002,2020
5e38aee930d4207a4882509b,5df0652b30d42020c40a06d2,2020-02-03 23:38:17.374,20200204,0738,202002,2020
5e38b01d887d1f730aa8a8ce,5e3242ab30d4207f17263c5e,2020-02-03 23:43:25.843,20200204,0743,202002,2020
5e38b08a887d1f730aa8a8f9,5e0a8dc230d4203e05b8a035,2020-02-03 23:45:14.070,20200204,0745,202002,2020
5e38b18c887d1f730aa8a953,5de8a75f887d1f54cd37ed39,2020-02-03 23:49:32.515,20200204,0749,202002,2020
5e38b24830d4207a4882536e,5d4a77c6887d1f0795148fbb,2020-02-03 23:52:40.377,20200204,0752,202002,2020
5e38b2da30d4207a488253c0,5e10262330d420523e7a588d,2020-02-03 23:55:06.901,20200204,0755,202002,2020
5e38b32730d4207a488253e9,5d4a8f58887d1f07ed73c7cb,2020-02-03 23:56:23.105,20200204,0756,202002,2020
5e38b3b430d4207a4882557e,5df9c28d30d4203e080ae230,2020-02-03 23:58:44.203,20200204,0758,202002,2020
5e38b3d6887d1f730aa8aa2e,5d4bb42c887d1f07ed811008,2020-02-03 23:59:18.526,20200204,0759,202002,2020
5e38b43230d4207a48825663,5e3786eb30d4207f172f2d3c,2020-02-04 00:00:50.417,20200204,0800,202002,2020
5e38b43d30d4207a48825702,5de9e8ce30d42043d991fd41,2020-02-04 00:01:01.032,20200204,0801,202002,2020
5e38b4a930d4207a48825779,5dd74731887d1f41b79b97d1,2020-02-04 00:02:49.442,20200204,0802,202002,2020
5e38b57230d4207a488259eb,5db6aca430d4206a297728ab,2020-02-04 00:06:10.023,20200204,0806,202002,2020
5e38b59d30d4207a48825b26,5d4a778e887d1f0795146db7,2020-02-04 00:06:53.284,20200204,0806,202002,2020
5e38b634887d1f730aa8ad44,5d4a7808887d1f079514b6a9,2020-02-04 00:09:24.115,20200204,0809,202002,2020
5e38b637887d1f730aa8ad5e,5d4a7808887d1f079514b6eb,2020-02-04 00:09:27.105,20200204,0809,202002,2020
5e38b79c30d4207a48825e34,5dfc76a830d420545175cf4d,2020-02-04 00:15:24.158,20200204,0815,202002,2020
5e38b7a330d4207a48825ed0,5dec9d7430d4205681c7504f,2020-02-04 00:15:31.072,20200204,0815,202002,2020
5e38b82c887d1f730aa8ae3b,5d4aa668887d1f07ed76f720,2020-02-04 00:17:48.835,20200204,0817,202002,2020
5e38b83a30d4207a488260bc,5d4a793a887d1f079515593f,2020-02-04 00:18:02.623,20200204,0818,202002,2020
5e38b8bd887d1f730aa8ae7c,5d4b7329887d1f07ed78ec73,2020-02-04 00:20:13.081,20200204,0820,202002,2020
5e38b8c530d4207a4882622d,5dba3d19887d1f6d135ba474,2020-02-04 00:20:21.632,20200204,0820,202002,2020
5e38b8ca30d4207a48826265,5d9c47b7887d1f0b0ade9124,2020-02-04 00:20:26.405,20200204,0820,202002,2020
5e38b91c887d1f730aa8aee0,5e2691da30d4207f17151af7,2020-02-04 00:21:48.507,20200204,0821,202002,2020
5e38b93c30d4207a48826542,5e0fed47887d1f4fb8ad397c,2020-02-04 00:22:20.991,20200204,0822,202002,2020
5e38b99e30d4207a4882668e,5e1eb63230d4207f17f3f94b,2020-02-04 00:23:58.160,20200204,0823,202002,2020
5e38b9c330d4207a48826722,5db00b37887d1f70f7eca981,2020-02-04 00:24:35.273,20200204,0824,202002,2020
5e38b9cd30d4207a488267cc,5d4b9110887d1f07ed7cff91,2020-02-04 00:24:45.470,20200204,0824,202002,2020
5e38ba1130d4207a48826877,5da689fa887d1f10869345ab,2020-02-04 00:25:53.492,20200204,0825,202002,2020
5e38bad6887d1f730aa8afc2,5e22cdfb30d4207f170458ee,2020-02-04 00:29:10.829,20200204,0829,202002,2020
5e38bb4a30d4207a48826a4c,5dbf7e0b30d42040dae87cbf,2020-02-04 00:31:06.945,20200204,0831,202002,2020
5e38bb73887d1f730aa8b02c,5e21118530d4207f17fb7530,2020-02-04 00:31:47.813,20200204,0831,202002,2020
5e38bbaf30d4207a48826b41,5d776c08887d1f611fe04585,2020-02-04 00:32:47.437,20200204,0832,202002,2020
5e38bbaf30d4207a48826b52,5dae6153887d1f6788628d36,2020-02-04 00:32:47.610,20200204,0832,202002,2020
5e38bc3530d4207a48826ccb,5e2a6026887d1f24c23f5d46,2020-02-04 00:35:01.060,20200204,0835,202002,2020
5e38bce830d4207a48826d56,5d4bb2a4887d1f07ed80e53c,2020-02-04 00:38:00.069,20200204,0838,202002,2020
5e38bdee887d1f730aa8b07d,5e35233130d4207f172ba9e5,2020-02-04 00:42:22.837,20200204,0842,202002,2020
5e38bdf930d4207a48826de6,5d4aa036887d1f07ed75e4d0,2020-02-04 00:42:33.943,20200204,0842,202002,2020
5e38bef5887d1f730aa8b19a,5d993e03887d1f0b0ad1daa6,2020-02-04 00:46:45.736,20200204,0846,202002,2020
5e38c09b30d4207a488271b9,5d4b8b5a887d1f07ed7c4045,2020-02-04 00:53:47.111,20200204,0853,202002,2020
5e38c16830d4207a48827286,5e0b1003887d1f663fcdeaef,2020-02-04 00:57:12.011,20200204,0857,202002,2020
5e38c1c930d4207a488272e9,5e37889130d4207f172f3135,2020-02-04 00:58:49.222,20200204,0858,202002,2020
5e38c3f230d4207a4882755f,5dea008830d42054f257ea7f,2020-02-04 01:08:02.814,20200204,0908,202002,2020
5e38c3ff30d4207a48827595,5de9f66a887d1f6618841a9c,2020-02-04 01:08:15.287,20200204,0908,202002,2020
5e38c54c30d4207a48827850,5d804536887d1f3a486a6822,2020-02-04 01:13:48.267,20200204,0913,202002,2020
5e38c61330d4207a48827a03,5e0c442f30d420523e613686,2020-02-04 01:17:07.603,20200204,0917,202002,2020
5e38c6de30d4207a48827aca,5de3596b30d4203dd5aeff20,2020-02-04 01:20:30.985,20200204,0920,202002,2020
5e38c75830d4207a48827c5c,5de8a52130d42017cacd26c8,2020-02-04 01:22:32.796,20200204,0922,202002,2020
5e38c7b030d4207a48827c9b,5dc3bd1530d4200a0bb05767,2020-02-04 01:24:00.294,20200204,0924,202002,2020
5e38c83c30d4207a48827e99,5e324c31887d1f24c241fba2,2020-02-04 01:26:20.042,20200204,0926,202002,2020
5e38c848887d1f730aa8b752,5ddb879e30d42045bc027077,2020-02-04 01:26:32.611,20200204,0926,202002,2020
5e38c94d30d4207a48828193,5df495ed30d4204cc8ac36b5,2020-02-04 01:30:53.145,20200204,0930,202002,2020
5e38c9a3887d1f730aa8b8ea,5df83b0b30d4202527854f64,2020-02-04 01:32:19.261,20200204,0932,202002,2020
5e38ca4c30d4207a488282b9,5e169241887d1f5903761cc9,2020-02-04 01:35:08.855,20200204,0935,202002,2020
5e38cb0f887d1f730aa8b99e,5dec944130d4205681c6d348,2020-02-04 01:38:23.956,20200204,0938,202002,2020
5e38cb5530d4207a4882889a,5d4a78d7887d1f079515275c,2020-02-04 01:39:33.456,20200204,0939,202002,2020
5e38cb5c30d4207a488288c7,5d4b90fe887d1f07ed7cfd1e,2020-02-04 01:39:40.455,20200204,0939,202002,2020
5e38cb9c887d1f730aa8b9c5,5e37cbaf30d4207f172ff848,2020-02-04 01:40:44.561,20200204,0940,202002,2020
5e38cbda30d4207a48828a69,5dd9d723887d1f652a683512,2020-02-04 01:41:46.465,20200204,0941,202002,2020
5e38cbf430d4207a48828abd,5d6b317b887d1f253dd30864,2020-02-04 01:42:12.907,20200204,0942,202002,2020
5e38ccd430d4207a48828bd7,5e0a9a5930d4203e05b8d25e,2020-02-04 01:45:56.156,20200204,0945,202002,2020
5e38ce8530d4207a48828c7d,5dc3bba0887d1f42bd2b7a78,2020-02-04 01:53:09.393,20200204,0953,202002,2020
5e38ceda30d4207a48828d88,5d71ba7d887d1f611fd24303,2020-02-04 01:54:34.858,20200204,0954,202002,2020
5e38cf3a30d4207a48828f39,5d58e705887d1f5d0bceda91,2020-02-04 01:56:10.808,20200204,0956,202002,2020
5e38cfbc887d1f730aa8bc90,5d4bb4c6887d1f07ed812046,2020-02-04 01:58:20.877,20200204,0958,202002,2020
5e38cfbe887d1f730aa8bca4,5dbb909430d42040dac9d409,2020-02-04 01:58:22.614,20200204,0958,202002,2020
5e38d02030d4207a488291c2,5d4b90cb887d1f07ed7cf6ac,2020-02-04 02:00:00.576,20200204,1000,202002,2020
5e38d0bc30d4207a488294e2,5e339ef430d4207f17287812,2020-02-04 02:02:36.893,20200204,1002,202002,2020
5e38d18230d4207a48829738,5e3694bf887d1f24c2446f10,2020-02-04 02:05:54.343,20200204,1005,202002,2020
5e38d24e887d1f730aa8bd57,5e23b21e887d1f24c2372a3a,2020-02-04 02:09:18.167,20200204,1009,202002,2020
5e38d25330d4207a488299c5,5e180f99887d1f5903782e69,2020-02-04 02:09:23.289,20200204,1009,202002,2020
5e38d314887d1f730aa8bd82,5e21604a887d1f24c234a318,2020-02-04 02:12:36.484,20200204,1012,202002,2020
5e38d46430d4207a48829fc7,5d4a98ea887d1f07ed75ab10,2020-02-04 02:18:12.647,20200204,1018,202002,2020
5e38d4d0887d1f730aa8bf46,5dea103e887d1f24bd183255,2020-02-04 02:20:00.190,20200204,1020,202002,2020
5e38d5f230d4207a4882a1e7,5e1ff84930d4207f17f7e637,2020-02-04 02:24:50.233,20200204,1024,202002,2020
5e38d60130d4207a4882a27f,5d9be628887d1f0b0ada996c,2020-02-04 02:25:05.594,20200204,1025,202002,2020
5e38d61030d4207a4882a2b4,5e159c54887d1f5903753fe4,2020-02-04 02:25:20.432,20200204,1025,202002,2020
5e38d6b230d4207a4882a3af,5dba7e5c30d420016a6d22bf,2020-02-04 02:28:02.092,20200204,1028,202002,2020
5e38d6f2887d1f730aa8c22d,5d4aac45887d1f07ed77efea,2020-02-04 02:29:06.695,20200204,1029,202002,2020
5e38d725887d1f730aa8c253,5e34dde330d4207f172a9933,2020-02-04 02:29:57.392,20200204,1029,202002,2020
5e38d74030d4207a4882a691,5e37e1a330d4207f1730532a,2020-02-04 02:30:24.700,20200204,1030,202002,2020
5e38d74130d4207a4882a6a8,5e10334230d420523e7ae2d5,2020-02-04 02:30:25.518,20200204,1030,202002,2020
5e38d7b130d4207a4882a8a6,5d4a81be887d1f07ed707d0e,2020-02-04 02:32:17.299,20200204,1032,202002,2020
5e38d8df30d4207a4882aacf,5dea162f30d4205681b70ae0,2020-02-04 02:37:19.867,20200204,1037,202002,2020
5e38daa630d4207a4882ae99,5e1d32a630d4206315a89ecd,2020-02-04 02:44:54.605,20200204,1044,202002,2020
5e38db6830d4207a4882b0bd,5e34dfab30d4207f172a9e24,2020-02-04 02:48:08.473,20200204,1048,202002,2020
5e38dc5930d4207a4882b2e5,5d4a8127887d1f07ed704a23,2020-02-04 02:52:09.012,20200204,1052,202002,2020
5e38dca4887d1f730aa8c90a,5de9da1d30d42043d9914428,2020-02-04 02:53:24.314,20200204,1053,202002,2020
5e38dd4930d4207a4882b70f,5e1a9e1630d420781b1b688e,2020-02-04 02:56:09.927,20200204,1056,202002,2020
5e38ddf130d4207a4882b8fd,5e1e894330d4207f17f2d073,2020-02-04 02:58:57.942,20200204,1058,202002,2020
5e38debc30d4207a4882ba1a,5d4b798f887d1f07ed79d231,2020-02-04 03:02:20.580,20200204,1102,202002,2020
5e38dff8887d1f730aa8cddf,5d5d7b0e887d1f26202d58a0,2020-02-04 03:07:36.648,20200204,1107,202002,2020
5e38e0fd30d4207a4882c077,5d858755887d1f4382fc125e,2020-02-04 03:11:57.024,20200204,1111,202002,2020
5e38e224887d1f730aa8cec7,5dc8d33430d4200a0bcb1304,2020-02-04 03:16:52.532,20200204,1116,202002,2020
5e38e26e887d1f730aa8ceed,5db7a057887d1f0c44c8ee91,2020-02-04 03:18:06.087,20200204,1118,202002,2020
5e38e3df30d4207a4882ca5c,5e159a54887d1f5903753858,2020-02-04 03:24:15.710,20200204,1124,202002,2020
5e38e453887d1f730aa8d05b,5d707b1c887d1f0592f2134f,2020-02-04 03:26:11.415,20200204,1126,202002,2020
5e38e4ec30d4207a4882cdb5,5e27b80a30d4207f17184997,2020-02-04 03:28:44.246,20200204,1128,202002,2020
5e38e7a430d4207a4882d415,5e17d8e2887d1f590377c139,2020-02-04 03:40:20.248,20200204,1140,202002,2020
5e38e7a430d4207a4882d427,5e229bff30d4207f1703598d,2020-02-04 03:40:20.869,20200204,1140,202002,2020
5e38e9fb30d4207a4882da83,5e2fddd5887d1f24c2411934,2020-02-04 03:50:19.067,20200204,1150,202002,2020
5e38ea0430d4207a4882dac9,5de36cc530d4203dd5b099af,2020-02-04 03:50:28.544,20200204,1150,202002,2020
5e38ea7c30d4207a4882db81,5d4a77f6887d1f079514abb4,2020-02-04 03:52:28.805,20200204,1152,202002,2020
5e38eb6230d4207a4882dd03,5d5526cc887d1f1bf4490672,2020-02-04 03:56:18.830,20200204,1156,202002,2020
5e38ebb1887d1f730aa8d6af,5d4bb25d887d1f07ed80dda1,2020-02-04 03:57:37.426,20200204,1157,202002,2020
5e38f1c2887d1f730aa8d88d,5e01a1d8887d1f7b83437e2d,2020-02-04 04:23:30.748,20200204,1223,202002,2020
5e38f44030d4207a4882ebf6,5e0741d2887d1f20bcbcd10b,2020-02-04 04:34:08.880,20200204,1234,202002,2020
5e38f82d30d4207a4882f5a0,5e1709fa30d420781b0ed7ab,2020-02-04 04:50:53.278,20200204,1250,202002,2020
5e38f98130d4207a4882f94b,5e16f5c730d420781b0e8933,2020-02-04 04:56:33.242,20200204,1256,202002,2020
5e38f9b9887d1f730aa8e1bb,5d920097887d1f0b0ab2b7a3,2020-02-04 04:57:29.406,20200204,1257,202002,2020
5e38faaf30d4207a4882fd65,5e33acab30d4207f1728b20f,2020-02-04 05:01:35.104,20200204,1301,202002,2020
5e38fb8a30d4207a48830021,5e12d8ac30d420523e861462,2020-02-04 05:05:14.945,20200204,1305,202002,2020
5e38fbe330d4207a48830298,5da92334887d1f148641fa49,2020-02-04 05:06:43.069,20200204,1306,202002,2020
5e38fc25887d1f730aa8e45a,5db7d39d30d4206a297bd1b1,2020-02-04 05:07:49.391,20200204,1307,202002,2020
5e38fde1887d1f730aa8e65a,5d7b6f0f887d1f51cb2a7646,2020-02-04 05:15:13.675,20200204,1315,202002,2020
5e3901ea30d4207a4883127d,5e13f656887d1f5903727056,2020-02-04 05:32:26.415,20200204,1332,202002,2020
5e3902b930d4207a488316dd,5e390050887d1f730aa8e78f,2020-02-04 05:35:53.451,20200204,1335,202002,2020
5e3904e3887d1f730aa8ebf3,5e313ed2887d1f24c241a69f,2020-02-04 05:45:07.154,20200204,1345,202002,2020
5e39087c30d4207a48832077,5e0aaf9f30d420523e514e5a,2020-02-04 06:00:28.715,20200204,1400,202002,2020
5e39092a887d1f730aa8ee5e,5d8ee894887d1f28e78b70cd,2020-02-04 06:03:22.075,20200204,1403,202002,2020
5e390c3130d4207a48832bcb,5e1fda4230d4207f17f77750,2020-02-04 06:16:17.008,20200204,1416,202002,2020
5e390db230d4207a4883314c,5e1db57030d4207f17f0446a,2020-02-04 06:22:42.429,20200204,1422,202002,2020
5e390e5630d4207a48833409,5dc4d20530d4200a0bb572d3,2020-02-04 06:25:26.147,20200204,1425,202002,2020
5e39113630d4207a48833db6,5d58e783887d1f5d0bcedade,2020-02-04 06:37:42.098,20200204,1437,202002,2020
5e39116a30d4207a48833e42,5d4a817a887d1f07ed7066e2,2020-02-04 06:38:34.628,20200204,1438,202002,2020
5e39125430d4207a488340b7,5e37d1c0887d1f24c2451c35,2020-02-04 06:42:28.634,20200204,1442,202002,2020
5e39192030d4207a48834fb9,5dda480030d42045bcfa78cb,2020-02-04 07:11:28.144,20200204,1511,202002,2020
5e391b1630d4207a48835321,5dec79a830d4205681c5e8be,2020-02-04 07:19:50.719,20200204,1519,202002,2020
5e39210a30d4207a48835ac9,5e22aae930d4207f1703a543,2020-02-04 07:45:14.369,20200204,1545,202002,2020
5e3921ba30d4207a48835b23,5e0c58d330d420523e61ea9a,2020-02-04 07:48:10.962,20200204,1548,202002,2020
5e392360887d1f20de9ed0e8,5ddf444330d4201d3fe26d85,2020-02-04 07:55:12.533,20200204,1555,202002,2020
5e39246c30d4207a48835ea0,5e0861fb30d42023af1e6bd1,2020-02-04 07:59:40.094,20200204,1559,202002,2020
5e39266f30d4207a488362ad,5e1d742f887d1f4a27565515,2020-02-04 08:08:15.196,20200204,1608,202002,2020
5e3926b430d4207a488363f6,5e0457b2887d1f20fc980d00,2020-02-04 08:09:24.091,20200204,1609,202002,2020
5e392774887d1f20de9ed49a,5d4aa86e887d1f07ed774f2b,2020-02-04 08:12:36.477,20200204,1612,202002,2020
5e392a63887d1f20de9ed89a,5e0eebc930d420523e7073ba,2020-02-04 08:25:07.549,20200204,1625,202002,2020
5e392b2e30d4207a48837a55,5dca202330d4200a0bd12322,2020-02-04 08:28:30.625,20200204,1628,202002,2020
5e392e0e30d4207a48838b61,5d4a7c63887d1f07ed6e7fec,2020-02-04 08:40:46.269,20200204,1640,202002,2020
5e39311930d4207a4883944f,5e392ebf30d4207a48838e20,2020-02-04 08:53:45.905,20200204,1653,202002,2020
5e39329030d4207a48839932,5e041e0d30d420731cef16b9,2020-02-04 09:00:00.583,20200204,1700,202002,2020
5e3933ea30d4207a48839c3f,5e23b54b887d1f24c2372db2,2020-02-04 09:05:46.206,20200204,1705,202002,2020
